{
  "success": true,
  "data": {
    "result": [
      {
        "id": "1234",
        "type": "Type",
        "name": "quis",
        "description": "Pellentesque habitant morbi tristique senectus et netus et malesuada fames ac turpis egestas. Vestibulum tortor quam, feugiat vitae, ultricies eget, tempor sit amet, ante.",
        "environment": "uat",
        "tags": [
          "et",
          "excepteur",
          "ex"
        ],
        "blueprintVersion": [
          "3.8.6",
          "9.0.8",
          "2.1.0",
          "9.1.3"
        ]
      },
      {
        "id": "5678",
        "type": "Type",
        "name": "enim",
        "description": "Lorem ipsum dolor sit amet, consectetuer adipiscing elit.",
        "environment": "uat",
        "tags": [
          "non",
          "deserunt"
        ],
        "blueprintVersion": [
          "6.0.0",
          "1.0.2",
          "5.3.8"
        ]
      },
      {
        "id": "9012",
        "type": "Type",
        "name": "culpa",
        "description": "Lorem ipsum dolor sit amet, consectetuer adipiscing elit.",
        "environment": "uat",
        "tags": [
          "non",
          "deserunt"
        ],
        "blueprintVersion": [
          "6.0.0",
          "1.0.2",
          "5.3.8"
        ]
      }
    ],
    "meta": {
      "currentPage": 1,
      "pageCount": 1,
      "pageSize": 3,
      "count": 3
    }
  }
}